"","X","Y","Tag","Species","LONG","LAT","Site","X421.73.nanometers","X426.73.nanometers","X431.74.nanometers","X436.75.nanometers","X441.76.nanometers","X446.76.nanometers","X451.77.nanometers","X456.78.nanometers","X461.79.nanometers","X466.79.nanometers","X471.80.nanometers","X476.81.nanometers","X481.82.nanometers","X486.82.nanometers","X491.83.nanometers","X496.84.nanometers","X501.85.nanometers","X506.85.nanometers","X511.86.nanometers","X516.87.nanometers","X521.88.nanometers","X526.88.nanometers","X531.89.nanometers","X536.90.nanometers","X541.91.nanometers","X546.91.nanometers","X551.92.nanometers","X556.93.nanometers","X561.94.nanometers","X566.94.nanometers","X571.95.nanometers","X576.96.nanometers","X581.97.nanometers","X586.97.nanometers","X591.98.nanometers","X596.99.nanometers","X602.00.nanometers","X607.00.nanometers","X612.01.nanometers","X617.02.nanometers","X622.03.nanometers","X627.03.nanometers","X632.04.nanometers","X637.05.nanometers","X642.06.nanometers","X647.06.nanometers","X652.07.nanometers","X657.08.nanometers","X662.09.nanometers","X667.09.nanometers","X672.10.nanometers","X677.11.nanometers"
"1",620950.9312,2375318.332,134,"Porites",-157.832528,21.47634146,44,0.0210043769329786,0.0209710337221622,0.0216649882495403,0.0227065607905388,0.0239507760852575,0.0252213031053543,0.0264541152864695,0.0277215093374252,0.0291391015052795,0.0307673327624798,0.0327373035252094,0.0351878181099892,0.0369202792644501,0.0379609912633896,0.0386474654078484,0.0391200818121433,0.03977195546031,0.0410013422369957,0.0424688681960106,0.044121865183115,0.0460207350552082,0.0476437546312809,0.0492335297167301,0.0508978702127934,0.0527835376560688,0.0548724606633186,0.0572113171219826,0.0594824478030205,0.0620928108692169,0.064762569963932,0.0662105977535248,0.065999299287796,0.0650518983602524,0.0634486228227615,0.0629419311881065,0.0637699514627457,0.0646321475505829,0.064378947019577,0.0627081468701363,0.0605630539357662,0.0590948462486267,0.0581496581435204,0.0573641657829285,0.0572521910071373,0.0572395548224449,0.0568932481110096,0.0565384402871132,0.0523017607629299,0.0461431257426739,0.0412094965577126,0.0398927517235279,0.0414927639067173
"2",620950.791,2375318.285,133,"Porites",-157.83253,21.47634105,44,0.0242708679288626,0.0245390087366104,0.0253586247563362,0.0264400020241737,0.0277675129473209,0.0292609315365553,0.0307272300124168,0.0321718715131283,0.0337014906108379,0.0354169122874737,0.0375127829611301,0.0401946231722832,0.0421540066599846,0.0433776378631592,0.0442473813891411,0.0449647344648838,0.0459338091313839,0.0474492497742176,0.0491822324693203,0.0511413738131523,0.0533718727529049,0.0553071200847626,0.0572152584791183,0.0592844560742378,0.0616537965834141,0.0642766356468201,0.0672384947538376,0.0702156350016594,0.0735427439212799,0.076860174536705,0.0787858963012695,0.0788857042789459,0.0781901627779007,0.0769322514533997,0.0770428106188774,0.0787544697523117,0.0804004445672035,0.0805086493492126,0.0787987858057022,0.0763863623142242,0.0747430697083473,0.073729045689106,0.0728959888219833,0.0728755816817284,0.0730708166956902,0.0728547349572182,0.0724097862839699,0.067468948662281,0.0601261667907238,0.0541778467595577,0.0523902103304863,0.0541896820068359
"3",620937.6888,2375314.322,135,"Porites",-157.832656,21.47630613,44,0.035532396286726,0.0351848900318146,0.0349099934101105,0.035242784768343,0.0360495932400227,0.0372419618070126,0.0382381081581116,0.0391508974134922,0.0403411462903023,0.0418907329440117,0.043896958231926,0.0466500669717789,0.0488642193377018,0.0505347661674023,0.0519699119031429,0.0533776320517063,0.0552544444799423,0.0577586926519871,0.0608253106474876,0.0644899532198906,0.0683750659227371,0.0716875642538071,0.0744122937321663,0.0767536014318466,0.0789658650755882,0.0812644138932228,0.0839764401316643,0.086920440196991,0.0904668420553207,0.0940445959568024,0.0960394889116287,0.0959546938538551,0.0948107093572617,0.0931708216667175,0.0931829214096069,0.0953468456864357,0.0973808243870735,0.0972350463271141,0.0948691144585609,0.0916584804654121,0.0895579308271408,0.0883573442697525,0.0873524397611618,0.0873576104640961,0.0877662003040314,0.0877101346850395,0.087014801800251,0.0810790359973907,0.0720902308821678,0.0652674362063408,0.0633783787488937,0.065605454146862
"4",620938.0572,2375314.218,136,"Porites",-157.832653,21.47630517,44,0.035532396286726,0.0351848900318146,0.0349099934101105,0.035242784768343,0.0360495932400227,0.0372419618070126,0.0382381081581116,0.0391508974134922,0.0403411462903023,0.0418907329440117,0.043896958231926,0.0466500669717789,0.0488642193377018,0.0505347661674023,0.0519699119031429,0.0533776320517063,0.0552544444799423,0.0577586926519871,0.0608253106474876,0.0644899532198906,0.0683750659227371,0.0716875642538071,0.0744122937321663,0.0767536014318466,0.0789658650755882,0.0812644138932228,0.0839764401316643,0.086920440196991,0.0904668420553207,0.0940445959568024,0.0960394889116287,0.0959546938538551,0.0948107093572617,0.0931708216667175,0.0931829214096069,0.0953468456864357,0.0973808243870735,0.0972350463271141,0.0948691144585609,0.0916584804654121,0.0895579308271408,0.0883573442697525,0.0873524397611618,0.0873576104640961,0.0877662003040314,0.0877101346850395,0.087014801800251,0.0810790359973907,0.0720902308821678,0.0652674362063408,0.0633783787488937,0.065605454146862
"5",620914.2684,2375309.968,190,"Porites",-157.832883,21.47626838,44,0.0327062606811523,0.0321381017565727,0.0327566266059875,0.0342496074736118,0.036164678633213,0.0381125956773758,0.0398541875183582,0.0416632257401943,0.0438821390271187,0.0465692579746246,0.0498847030103207,0.0541692487895489,0.0572351068258286,0.0590822994709015,0.060284748673439,0.061162069439888,0.0625326037406921,0.0649852752685547,0.0679787322878838,0.0714660733938217,0.075406551361084,0.0787526965141296,0.0818554684519768,0.0849696099758148,0.0884031355381012,0.092210479080677,0.0965838581323624,0.100980304181576,0.106112882494926,0.111358247697353,0.114189930260181,0.113681741058826,0.111536160111427,0.108277849853039,0.107451811432838,0.109593585133553,0.111778855323792,0.11143121868372,0.108088739216328,0.103673152625561,0.100702233612537,0.0988524556159973,0.0972549542784691,0.0969653725624084,0.0969551280140877,0.0963591113686562,0.095688134431839,0.0875390470027924,0.0755313113331795,0.0662170201539993,0.0639112815260887,0.0671213790774345
"6",620914.6212,2375311.288,140,"Porites",-157.832879,21.47628028,44,0.0248436294496059,0.0251761674880981,0.0260648280382156,0.0272391177713871,0.0286544784903526,0.030137287452817,0.0313603840768337,0.0324882864952087,0.0337855704128742,0.0353542678058147,0.0372767113149166,0.0397301912307739,0.0414864830672741,0.0425538793206215,0.0432988442480564,0.0438939109444618,0.0447674952447414,0.0462035872042179,0.0479191690683365,0.0497632063925266,0.051742747426033,0.053501270711422,0.0552926585078239,0.0572914928197861,0.0596500709652901,0.0623651742935181,0.065494492650032,0.0687429904937744,0.072382852435112,0.0759477019309998,0.0779838562011719,0.078085295855999,0.077213779091835,0.0756313726305962,0.0752087906002998,0.076378121972084,0.0774684548377991,0.0769601538777351,0.0747563391923904,0.0719505026936531,0.0700054690241814,0.0687112808227539,0.0675830096006393,0.0672397613525391,0.0671080201864243,0.0665335133671761,0.0655934289097786,0.060166846960783,0.0523540861904621,0.0463347993791103,0.0445712544023991,0.0462697632610798
"7",620914.3692,2375311.439,139,"Porites",-157.832882,21.47628166,44,0.0250404290854931,0.0252573974430561,0.0262180734425783,0.0276728514581919,0.0294395014643669,0.0311934985220432,0.0324613675475121,0.0335902161896229,0.0350095294415951,0.0368167981505394,0.0390621572732925,0.0420469380915165,0.0441363602876663,0.0452853627502918,0.045965913683176,0.0464714989066124,0.0474482923746109,0.0491555742919445,0.0512153469026089,0.0534491911530495,0.0558558292686939,0.0579817779362202,0.060173898935318,0.0627272129058838,0.0658477768301964,0.0695385634899139,0.07390046864748,0.0785382837057114,0.0837542936205864,0.0888593271374702,0.0917873084545135,0.0918867215514183,0.0904497131705284,0.0881294757127762,0.0876984149217606,0.0897723957896233,0.0917301997542381,0.0912116542458534,0.0881338715553284,0.0840813890099525,0.0813006237149239,0.0794830322265625,0.0778437927365303,0.0772708356380463,0.0770298764109612,0.0762286931276321,0.074972115457058,0.0675494819879532,0.0567630045115948,0.048636332154274,0.0463675893843174,0.0487530827522278
"8",620895.7484,2375312.666,NA,"Porites",-157.833061,21.476294,44,0.0357538945972919,0.035686943680048,0.037225142121315,0.0396607592701912,0.0425367951393127,0.0453310012817383,0.0476551726460457,0.0499573461711407,0.0527283512055874,0.0560826919972897,0.0601985454559326,0.0655291080474854,0.0692349076271057,0.0712702721357346,0.0724361687898636,0.0731978490948677,0.0746181979775429,0.0773574858903885,0.0806346014142036,0.0842669159173965,0.0883804038167,0.0919651314616203,0.0956475213170052,0.0998416468501091,0.104881681501865,0.110704489052296,0.117436781525612,0.124325796961784,0.13208444416523,0.139800027012825,0.144131183624268,0.143925175070763,0.141410857439041,0.137389689683914,0.136509865522385,0.13954122364521,0.142535209655762,0.141988396644592,0.137423887848854,0.13136388361454,0.127208366990089,0.124507792294025,0.122108608484268,0.12139705568552,0.121076852083206,0.11992884427309,0.118535675108433,0.107268095016479,0.0908612385392189,0.0782102569937706,0.0748655125498772,0.0788848549127579
"9",620894.7478,2375312.87,NA,"Porites",-157.833071,21.47629591,44,0.0303005669265985,0.0302497986704111,0.0317989401519299,0.0341190025210381,0.0367922000586987,0.0393467545509338,0.0415774025022984,0.0438377447426319,0.0464823246002197,0.0496091619133949,0.0534157939255238,0.0582836307585239,0.0616285316646099,0.0634178891777992,0.0643869861960411,0.0649432465434074,0.0660240203142166,0.0683000609278679,0.0709971040487289,0.073970690369606,0.0774246081709862,0.0804252922534943,0.0835879668593407,0.0872613191604614,0.0917292162775993,0.0968857407569885,0.102799758315086,0.108754180371761,0.115440607070923,0.122124820947647,0.125861093401909,0.125606954097748,0.123383216559887,0.119783788919449,0.118951819837093,0.121483117341995,0.124027736485004,0.123630002140999,0.11974859982729,0.114582851529121,0.111030913889408,0.108713410794735,0.106670089066029,0.106096066534519,0.105807922780514,0.104804947972298,0.103755608201027,0.0940288975834846,0.079884260892868,0.0688399523496628,0.065939337015152,0.0694900453090668
"10",620888.8369,2375315.672,121,"Montipora",-157.833128,21.47632162,44,0.0282547008246183,0.0279129780828953,0.0282313004136086,0.0292679145932198,0.0307010486721992,0.0322217606008053,0.0333530120551586,0.0344232767820358,0.0358778946101665,0.0377800315618515,0.0401808060705662,0.0434026531875134,0.0457642711699009,0.0472409948706627,0.0482714250683784,0.0491399168968201,0.0505321137607098,0.0527508594095707,0.0554866716265678,0.058641754090786,0.0620466060936451,0.0649828761816025,0.0676639601588249,0.0703529939055443,0.0733138993382454,0.0766575634479523,0.0805986970663071,0.0847724676132202,0.0896100252866745,0.09443249553442,0.0971078053116798,0.0969199389219284,0.0951948463916779,0.0926122963428497,0.0920690819621086,0.0941876173019409,0.0962341949343681,0.0957618802785873,0.0926393419504166,0.0885298252105713,0.0857613906264305,0.0840241461992264,0.0824766233563423,0.08205845952034,0.0819927304983139,0.0813925042748451,0.0803753733634949,0.0729983374476433,0.062143549323082,0.0540034659206867,0.0519006066024303,0.0545450188219547
"11",620878.4936,2375320.711,183,"Porites",-157.833227,21.47636784,44,0.0254742596298456,0.0255107656121254,0.0267794672399759,0.0286806207150221,0.0308888629078865,0.0330124273896217,0.0347775630652905,0.036521203815937,0.0385996885597706,0.0411023795604706,0.0441649258136749,0.0481218621134758,0.050851471722126,0.0523154437541962,0.0531204827129841,0.0536177791655064,0.0545963421463966,0.0565487407147884,0.0588701814413071,0.0614126473665237,0.0643086433410645,0.0668451488018036,0.0695198103785515,0.0726476088166237,0.0764663740992546,0.0809034630656242,0.0860298275947571,0.0912712439894676,0.0971411243081093,0.102961428463459,0.106244340538979,0.106135956943035,0.104302778840065,0.101334974169731,0.100696325302124,0.102953009307384,0.105178266763687,0.1047752648592,0.101384155452251,0.0968761444091797,0.093773826956749,0.0917427986860275,0.0899336710572243,0.0893725529313087,0.0890950784087181,0.0881973281502724,0.0871289372444153,0.0787155032157898,0.0664911344647408,0.0570499300956726,0.0545315071940422,0.0574973076581955
"12",620837.548,2375400.325,107,"Porites",-157.833617,21.47708976,44,0.0222143996506929,0.0227680504322052,0.0238848682492971,0.0250895582139492,0.0264731217175722,0.0280160550028086,0.0296181198209524,0.0311992634087801,0.032765094190836,0.0344331003725529,0.0364384204149246,0.038955170661211,0.0407673791050911,0.0418555550277233,0.0426018908619881,0.0431889332830906,0.0439480356872082,0.0451623499393463,0.0464719347655773,0.0479006990790367,0.0496005453169346,0.0510975643992424,0.0527178384363651,0.0546411015093327,0.0569608323276043,0.0595512464642525,0.0624385885894299,0.0652998760342598,0.068415179848671,0.0715179443359375,0.0734288990497589,0.0737960264086723,0.0735877305269241,0.0729031190276146,0.0734299793839455,0.0752691403031349,0.0770326554775238,0.0775086432695389,0.0763655081391335,0.0745669230818748,0.0733486041426659,0.0726229846477509,0.0720603093504906,0.0722106024622917,0.072529599070549,0.0724622085690498,0.0722332522273064,0.0680156797170639,0.0617016516625881,0.0564198978245258,0.0548006743192673,0.0564790852367878
"13",620837.0253,2375399.192,108,"Porites",-157.833622,21.47707957,44,0.0223574060946703,0.0227668657898903,0.0233403015881777,0.023969454690814,0.0248033814132214,0.0259224530309439,0.0271569732576609,0.0283574312925339,0.0295146815478802,0.0307336524128914,0.0322240665555,0.0341240540146828,0.0355939008295536,0.0366280227899551,0.0374799780547619,0.0382737405598164,0.0392058342695236,0.0404383577406406,0.0418010763823986,0.0433739125728607,0.0451535731554031,0.0466934330761433,0.0481374822556973,0.0496122017502785,0.0511992573738098,0.0528655834496021,0.0547007620334625,0.0565237402915955,0.0585437081754208,0.0605575814843178,0.0617855712771416,0.0620254948735237,0.0619438514113426,0.0616152845323086,0.0621301978826523,0.0635598823428154,0.0648960545659065,0.0652510449290276,0.0644191205501556,0.063102588057518,0.0622191727161407,0.0617281720042229,0.0613873042166233,0.0616130866110325,0.0620242357254028,0.062138918787241,0.0619712173938751,0.0588885620236397,0.0541724115610123,0.0501482114195824,0.0487661808729172,0.049906425178051
"14",620850.5208,2375341.349,NA,"Porites",-157.833496,21.47655615,44,0.0338901951909065,0.0335838682949543,0.0350041724741459,0.0373166091740131,0.0400270968675613,0.0426424890756607,0.0450304336845875,0.0475105494260788,0.0504068024456501,0.0538061074912548,0.0579429306089878,0.0632063895463943,0.0668523758649826,0.0688671171665192,0.0700123608112335,0.0706954449415207,0.0719001442193985,0.0744048804044724,0.0773935467004776,0.0807674676179886,0.0847083479166031,0.0880857706069946,0.0915047600865364,0.0952930673956871,0.0997695475816727,0.104854561388493,0.110650628805161,0.116402551531792,0.12294214963913,0.129565760493279,0.13320504128933,0.132736667990685,0.130296260118484,0.126417323946953,0.125448554754257,0.127954512834549,0.130528345704079,0.13018025457859,0.12624803185463,0.121020168066025,0.117449671030045,0.115156218409538,0.113163843750954,0.112710356712341,0.112522915005684,0.111616760492325,0.110784605145454,0.100919097661972,0.0865101739764214,0.0751741230487823,0.0722826644778252,0.0760688781738281
"15",620859.989,2375334.344,178,"Porites",-157.833405,21.47649223,44,0.0182429905980825,0.0181457120925188,0.0181852914392948,0.0185678415000439,0.0192035008221865,0.0199099611490965,0.0203160215169191,0.0206062905490398,0.0210711602121592,0.0217525586485863,0.0226372629404068,0.0238892547786236,0.024820240214467,0.0254135504364967,0.025842597708106,0.0262296237051487,0.0268864277750254,0.0278634466230869,0.0291049610823393,0.0305498652160168,0.0320361256599426,0.033281248062849,0.0343256555497646,0.0353001765906811,0.0363438315689564,0.0375744737684727,0.039131160825491,0.0409091450273991,0.0430698879063129,0.0452408529818058,0.046451523900032,0.0463839545845985,0.0455751530826092,0.0444326810538769,0.0442146770656109,0.0452830009162426,0.0462803840637207,0.0459759309887886,0.0444273389875889,0.0424128770828247,0.0410837307572365,0.0402817763388157,0.0395719148218632,0.0393976829946041,0.0394412949681282,0.0392239466309547,0.0386502966284752,0.0351602099835873,0.0299674477428198,0.0261781234294176,0.0251525323837996,0.0262990314513445
"16",620865.0564,2375329.732,181,"Porites",-157.833356,21.47645023,44,0.0247203409671783,0.0244151782244444,0.0249916855245829,0.0262120794504881,0.027753883972764,0.0293112508952618,0.0306303426623344,0.0319613292813301,0.0336115173995495,0.0356362164020538,0.0381405614316463,0.0414014719426632,0.0437266305088997,0.0451034605503082,0.0459851808845997,0.0466351099312305,0.0476970970630646,0.0495803579688072,0.0518726073205471,0.0545047484338284,0.0574502684175968,0.0599759854376316,0.0623724460601807,0.0648639127612114,0.0676823854446411,0.0708597302436829,0.0745359435677528,0.0782925635576248,0.082622155547142,0.086986817419529,0.0893854722380638,0.0891094878315926,0.0874824374914169,0.0849833264946938,0.0843950808048248,0.0861847400665283,0.0879718512296677,0.0876476168632507,0.0849182531237602,0.0813103020191193,0.07886853069067,0.0773259550333023,0.0759731978178024,0.0756538808345795,0.0755816400051117,0.0750286430120468,0.0743241682648659,0.0676901489496231,0.0579518601298332,0.0504639521241188,0.0485567860305309,0.0510478988289833
"17",620864.5349,2375330.605,180,"Porites",-157.833361,21.47645815,44,0.0259629394859076,0.0258051622658968,0.0269033871591091,0.0286474954336882,0.030692121013999,0.0326743051409721,0.0344577021896839,0.0362891592085361,0.0384285785257816,0.0409483797848225,0.0440170988440514,0.0479266867041588,0.0506382063031197,0.0521403327584267,0.0530032515525818,0.0535318180918694,0.0544579364359379,0.0563451275229454,0.0585957802832127,0.061120294034481,0.0640479326248169,0.0665676444768906,0.0691312029957771,0.0719899758696556,0.0753805041313171,0.0792445465922356,0.0836575701832771,0.0880626887083054,0.093057245016098,0.098093681037426,0.100875750184059,0.10057932138443,0.098793052136898,0.0959294661879539,0.0952204987406731,0.0971123427152634,0.0990375131368637,0.0987355336546898,0.0957450941205025,0.0917806103825569,0.0890678837895393,0.0873174518346786,0.0857925713062286,0.0854241698980331,0.0852679312229156,0.0845611095428467,0.0838543623685837,0.0763668268918991,0.0654479116201401,0.0568829327821732,0.0546671114861965,0.0574820525944233
"18",620862.6552,2375331.066,115,"Monitpora",-157.833379,21.47646244,44,0.0234600454568863,0.0233574900776148,0.0242312606424093,0.0256979968398809,0.0274596698582172,0.0291891172528267,0.0306215528398752,0.0320404171943665,0.0337672084569931,0.0358716137707233,0.0384614765644073,0.0418263040482998,0.0441827774047852,0.0455045327544212,0.0462885200977325,0.0468255281448364,0.0477886460721493,0.0495885387063026,0.051753394305706,0.0541750714182854,0.0569003373384476,0.0592670626938343,0.0616452619433403,0.0642929747700691,0.0674296244978905,0.0710363313555717,0.0752121210098267,0.0794944390654564,0.0843415632843971,0.0891712754964828,0.0918726250529289,0.0917161032557487,0.0901012718677521,0.0875463709235191,0.0869828686118126,0.0889073759317398,0.0908077284693718,0.0904539301991463,0.087555855512619,0.0837131440639496,0.0810863524675369,0.079390175640583,0.0778855755925179,0.0774542316794395,0.077279344201088,0.0765832290053368,0.0757129117846489,0.0685978010296822,0.0582178384065628,0.0502336211502552,0.048136867582798,0.0506941452622414
"19",620862.2065,2375331.333,116,"Montipora",-157.833384,21.47646488,44,0.0244522094726562,0.0242029540240765,0.0248659551143646,0.0261608120054007,0.0277706813067198,0.029382549226284,0.0307390857487917,0.0321005806326866,0.0337791740894318,0.0358344055712223,0.0383727215230465,0.0416755266487598,0.0440183654427528,0.0453847534954548,0.0462420023977757,0.0468621179461479,0.0478995479643345,0.0497657619416714,0.0520298853516579,0.0546116419136524,0.0575053915381432,0.0599950738251209,0.0623949095606804,0.0649394243955612,0.0678578913211823,0.0711678266525269,0.0749980583786964,0.0789159685373306,0.0834065303206444,0.0879176557064056,0.0904100015759468,0.0901663228869438,0.0885366946458817,0.0860124677419662,0.0854288041591644,0.0872624516487122,0.0890876427292824,0.0887542217969894,0.0859678760170937,0.0822812616825104,0.079778864979744,0.0781876295804977,0.0767874494194984,0.0764356404542923,0.0763342380523682,0.0757389739155769,0.0749859213829041,0.0681928992271423,0.0582394190132618,0.0505847036838531,0.0486173518002033,0.0511362887918949
"20",620832.9676,2375378.69,112,"Montipora",-157.833662,21.47689464,44,0.0222025196999311,0.0226605925709009,0.0230146925896406,0.0233357939869165,0.0238584745675325,0.0247492045164108,0.0257993172854185,0.0267934910953045,0.0276928786188364,0.0286048278212547,0.02973248437047,0.0311863273382187,0.032392431050539,0.03334816172719,0.0342299565672874,0.0351217463612556,0.0361153185367584,0.0372765325009823,0.0385504066944122,0.0400497950613499,0.0417053550481796,0.043135691434145,0.044392567127943,0.0455746501684189,0.0467411987483501,0.0478898733854294,0.049132727086544,0.0503825061023235,0.0517686903476715,0.0531431175768375,0.0540304742753506,0.0543543137609959,0.0545765943825245,0.054729551076889,0.0554611384868622,0.0567914247512817,0.0579993948340416,0.0584464482963085,0.058006789535284,0.0571833662688732,0.0566482618451118,0.0564050227403641,0.0562945827841759,0.056635208427906,0.0571676976978779,0.0574571266770363,0.0573755539953709,0.0551658347249031,0.0516687892377377,0.0485831834375858,0.0473954007029533,0.0482065118849277
"21",620833.1598,2375386.32,110,"Montipora",-157.83366,21.47696355,44,0.0262389425188303,0.0258753150701523,0.0260790437459946,0.0268456488847733,0.027905248105526,0.0290401838719845,0.0300197675824165,0.0310183949768543,0.0322864390909672,0.0338578633964062,0.0358084328472614,0.0383539535105228,0.0402378812432289,0.0414606221020222,0.042339988052845,0.0430630259215832,0.0441175065934658,0.0458069071173668,0.0478775538504124,0.0503081232309341,0.0529863312840462,0.0552666336297989,0.0572937801480293,0.0592217594385147,0.0612505748867989,0.063463993370533,0.0660239905118942,0.0686488822102547,0.071748785674572,0.0749148800969124,0.0766441971063614,0.0763965249061584,0.0751524195075035,0.0732862278819084,0.0728809013962746,0.0743023231625557,0.0757270529866219,0.0755395218729973,0.0735302716493607,0.0708648413419724,0.0691049098968506,0.0680504143238068,0.0671462863683701,0.0670429617166519,0.0671467632055283,0.0668954849243164,0.0664937719702721,0.06160569190979,0.054336454719305,0.0487878173589706,0.0474589504301548,0.0494523085653782
"22",620832.2569,2375386.86,NA,"Porites",-157.833669,21.47696849,44,0.024361677467823,0.0243665557354689,0.0249234735965729,0.0258216243237257,0.026980796828866,0.0283126030117273,0.0296807438135147,0.0310733560472727,0.0325765050947666,0.034268282353878,0.0363400354981422,0.0389833152294159,0.0409338362514973,0.0421934835612774,0.0431121475994587,0.0438678115606308,0.0448557436466217,0.0464049950242043,0.0482105948030949,0.0503158941864967,0.0527206659317017,0.0547698028385639,0.056675236672163,0.0585881322622299,0.0606628097593784,0.0628924146294594,0.0653905496001244,0.067852795124054,0.0706777572631836,0.0735603049397469,0.0751829072833061,0.0750993117690086,0.074297696352005,0.0729607865214348,0.0729508846998215,0.0744640678167343,0.0759568810462952,0.0760765299201012,0.0745012760162354,0.0722913891077042,0.0708087608218193,0.0699256584048271,0.0692209899425507,0.0692911222577095,0.0695463344454765,0.0694360882043839,0.0691938027739525,0.0647034496068954,0.0579768978059292,0.0524994023144245,0.0509372688829899,0.0527154244482517
"23",620832.9242,2375387.174,NA,"Porites",-157.833662,21.47697128,44,0.0246744081377983,0.0249146390706301,0.0255469437688589,0.0264561753720045,0.0276352278888226,0.0290151666849852,0.0303019508719444,0.031531672924757,0.0328684113919735,0.0344118140637875,0.0363212525844574,0.0388127230107784,0.0406704880297184,0.0418754331767559,0.042776744812727,0.0435737073421478,0.0446615442633629,0.0462589040398598,0.0481127612292767,0.0502226427197456,0.0525568202137947,0.0545875020325184,0.0565243847668171,0.0585636608302593,0.0608506985008717,0.0633813515305519,0.0662756487727165,0.0692598074674606,0.0726146996021271,0.0759355872869492,0.0778723433613777,0.0780189633369446,0.0773390978574753,0.0761503130197525,0.0763068571686745,0.078098326921463,0.0797907635569572,0.0798403397202492,0.0780647397041321,0.0755743831396103,0.0738868191838264,0.0728529915213585,0.0719893798232079,0.0719351470470428,0.0721383541822433,0.0719297155737877,0.0713681280612946,0.0663918629288673,0.0589795857667923,0.0530904717743397,0.051312617957592,0.053070642054081
"24",620833.4443,2375382.287,NA,"Porites",-157.833658,21.4769271,44,0.0334978215396404,0.0329471006989479,0.0337702408432961,0.0354922786355019,0.0376335680484772,0.0397731810808182,0.0417337566614151,0.0437875092029572,0.0462542772293091,0.0491969101130962,0.0528073683381081,0.0574370957911015,0.0607168562710285,0.0626480430364609,0.0638608559966087,0.0646962672472,0.0660226568579674,0.0685104355216026,0.0715286508202553,0.0750288739800453,0.0790358334779739,0.0824370384216309,0.0856544300913811,0.0889543518424034,0.0926525369286537,0.0967673063278198,0.101468376815319,0.106144420802593,0.111574672162533,0.117132619023323,0.120133683085442,0.119583107531071,0.11732167750597,0.113847181200981,0.11295074224472,0.115156210958958,0.11742889136076,0.117103755474091,0.113627173006535,0.109025321900845,0.105919189751148,0.103973604738712,0.102298885583878,0.101999931037426,0.101964019238949,0.1013108715415,0.100669220089912,0.0920991748571396,0.0794938281178474,0.0696381852030754,0.0671961233019829,0.0705955997109413
"25",620832.4161,2375364.092,114,"Montipora",-157.833669,21.47676281,44,0.0223388671875,0.0222893320024014,0.0227738115936518,0.0235748682171106,0.02461077272892,0.025807136669755,0.0270906966179609,0.0284214224666357,0.0298434179276228,0.0314233712852001,0.0333514288067818,0.0357918664813042,0.0375925302505493,0.0387622751295567,0.0396167896687984,0.0403085127472878,0.0411868281662464,0.0425819158554077,0.0442051738500595,0.0461161471903324,0.0483238361775875,0.0501916259527206,0.051909402012825,0.0535986423492432,0.0553998574614525,0.0573047026991844,0.0594151690602303,0.0614493936300278,0.0638035610318184,0.0662393197417259,0.0675935447216034,0.06745894998312,0.0667320638895035,0.0655249506235123,0.0654999241232872,0.0667948201298714,0.0680930018424988,0.0682487562298775,0.0669241398572922,0.0650532618165016,0.0638045966625214,0.0630748346447945,0.0625110119581223,0.062635250389576,0.0629053935408592,0.0628596693277359,0.0627574846148491,0.0588927678763866,0.0530786439776421,0.0482766143977642,0.0469234883785248,0.0485249646008015
"26",620866.3548,2375325.005,118,"Porites",-157.833344,21.47640744,44,0.0197607167065144,0.0194647554308176,0.0199330225586891,0.0208562780171633,0.0220062509179115,0.0231976173818111,0.0244145356118679,0.0257170479744673,0.0271971486508846,0.0288934279233217,0.030959902331233,0.0335703119635582,0.0354348421096802,0.0365656167268753,0.0373057872056961,0.0378242395818233,0.0385571122169495,0.03991374745965,0.041534923017025,0.0434426292777061,0.045672457665205,0.0475465916097164,0.0492934510111809,0.0510339103639126,0.0529331304132938,0.0549869239330292,0.0572847314178944,0.0594885870814323,0.0620697028934956,0.0647629424929619,0.0662015676498413,0.0658658072352409,0.0647526830434799,0.0630176141858101,0.0626229718327522,0.063761331140995,0.0649587363004684,0.0649353414773941,0.0633060559630394,0.0611105747520924,0.0596382729709148,0.0587420463562012,0.0580065213143826,0.0579959824681282,0.0580986589193344,0.0578852370381355,0.0577559918165207,0.0535001344978809,0.0471852235496044,0.042092178016901,0.0408139042556286,0.0426138304173946
"27",620866.8741,2375325.113,117,"Porites",-157.833339,21.47640838,44,0.0221147872507572,0.0217231251299381,0.0218997430056334,0.0226020533591509,0.0235895309597254,0.0246763434261084,0.0256838090717793,0.0267291702330112,0.0280076321214437,0.0295567065477371,0.0314818061888218,0.0339846201241016,0.0358289144933224,0.0370213016867638,0.0378756634891033,0.0385667495429516,0.039550956338644,0.0411521680653095,0.0431092195212841,0.0454293452203274,0.0480199083685875,0.0502081103622913,0.0521391108632088,0.053951371461153,0.0558358356356621,0.0578629709780216,0.0601874589920044,0.0625281408429146,0.0653129816055298,0.0681853666901588,0.0697253420948982,0.0694169923663139,0.068222314119339,0.0664393082261086,0.0660531595349312,0.0673668831586838,0.0686953440308571,0.0685533508658409,0.0666847079992294,0.0641969740390778,0.0625430792570114,0.0615482218563557,0.0607091784477234,0.0606430657207966,0.0607629455626011,0.0605442635715008,0.0602218173444271,0.0556004457175732,0.0487191304564476,0.0433623865246773,0.042022842913866,0.0438943840563297
"28",620869.1245,2375326.054,120,"Montipora",-157.833317,21.47641673,44,0.0190594326704741,0.0190737396478653,0.0198940094560385,0.0210991371423006,0.0225064046680927,0.0238907970488071,0.0251340288668871,0.0263880044221878,0.0278290323913097,0.0295190885663033,0.0315730459988117,0.0341749265789986,0.0359849110245705,0.0370023287832737,0.0376096293330193,0.0379996038973331,0.0386418662965298,0.0399102009832859,0.0414169915020466,0.0430827476084232,0.0449953079223633,0.0466528162360191,0.0483580976724625,0.0502749383449554,0.0525565035641193,0.0551612824201584,0.0581306591629982,0.0611017383635044,0.0644550248980522,0.06781867146492,0.06968954205513,0.0695526823401451,0.0684512406587601,0.0666238516569138,0.0661500543355942,0.0673404335975647,0.0685381218791008,0.0682758614420891,0.0662719085812569,0.0636443197727203,0.0618373714387417,0.0606589429080486,0.0596371777355671,0.0593824200332165,0.0592716932296753,0.0587788000702858,0.0582317039370537,0.0531993918120861,0.0458924695849419,0.0401517376303673,0.038616131991148,0.0404392220079899
"29",620869.6439,2375325.427,119,"Montipora",-157.833312,21.47641103,44,0.0175915118306875,0.0174865312874317,0.0177236050367355,0.0182913206517696,0.0190716646611691,0.0199464969336987,0.0207023415714502,0.0214374996721745,0.0223308298736811,0.0234280973672867,0.0247963685542345,0.026601068675518,0.0279400069266558,0.0288028232753277,0.029432712122798,0.0299667753279209,0.0307488776743412,0.0319546647369862,0.0334127321839333,0.0351065397262573,0.0369642153382301,0.0385603792965412,0.0400179885327816,0.0414686277508736,0.0430489555001259,0.0447974689304829,0.0468321368098259,0.0489638186991215,0.0514399521052837,0.0539541952311993,0.0554365105926991,0.055530771613121,0.0549592413008213,0.0539894104003906,0.0541068874299526,0.0555541031062603,0.0569595023989677,0.0571091286838055,0.055870309472084,0.0540961734950542,0.0529469586908817,0.0522925667464733,0.0517358295619488,0.0517688393592834,0.0519748255610466,0.0518950112164021,0.0516246557235718,0.0480522327125072,0.0426882021129131,0.038595624268055,0.0376221351325512,0.0391913875937462
"30",620927.2351,2375313.74,137,"Montipora",-157.832757,21.47630158,44,0.0353035293519497,0.0349539034068584,0.0356002189218998,0.0370700284838676,0.03898985683918,0.0409902073442936,0.0426449477672577,0.0442772768437862,0.0463270545005798,0.0488776043057442,0.0520481541752815,0.056194894015789,0.0591938681900501,0.0610369741916656,0.0622903741896152,0.0632795915007591,0.0648182705044746,0.0673957765102386,0.0705473199486732,0.0741671174764633,0.0781497210264206,0.0815718844532967,0.0847562402486801,0.0879887714982033,0.0915784984827042,0.0956075191497803,0.100285835564137,0.105116404592991,0.110706560313702,0.116324923932552,0.119418032467365,0.119114398956299,0.11707641929388,0.113935455679893,0.113182783126831,0.115475103259087,0.117732897400856,0.117211930453777,0.113613650202751,0.108897976577282,0.105710431933403,0.103700220584869,0.101940512657166,0.101525746285915,0.101463653147221,0.100762583315372,0.0997288674116135,0.0910616666078568,0.0783416554331779,0.068620465695858,0.0661032646894455,0.0692833885550499
"31",620917.4425,2375312.312,127,"Montipora",-157.832852,21.47628934,44,0.033989317715168,0.033852431923151,0.0346721038222313,0.0360323637723923,0.0377495512366295,0.0396510250866413,0.041644349694252,0.043720405548811,0.0459763780236244,0.0485079810023308,0.0515909641981125,0.0554790645837784,0.0583102032542229,0.0601035729050636,0.0613693930208683,0.0623487830162048,0.0636250004172325,0.0657579675316811,0.0682588741183281,0.0711833834648132,0.0745700001716614,0.0774358510971069,0.0801060199737549,0.0827676132321358,0.0856488719582558,0.0887328162789345,0.0921603664755821,0.095462329685688,0.0992855131626129,0.103240087628365,0.105413973331451,0.105128541588783,0.103828445076942,0.101689890027046,0.101430140435696,0.103302597999573,0.105204254388809,0.105302043259144,0.103057064116001,0.0999670252203941,0.097893089056015,0.0966490805149078,0.0956630259752274,0.09576366096735,0.0960710346698761,0.0958779081702232,0.095651775598526,0.0893862619996071,0.0800386965274811,0.0723839998245239,0.0702873840928078,0.0728564560413361
"32",620951.7304,2375315.021,131,"Montipora",-157.832521,21.4763115,44,0.0296932067722082,0.0302649922668934,0.0312157068401575,0.032367967069149,0.0338230431079865,0.03555728495121,0.0371868908405304,0.0387100540101528,0.0402947477996349,0.042084988206625,0.0442937575280666,0.047175507992506,0.0493330769240856,0.0507332682609558,0.0517967753112316,0.0527641847729683,0.0540616102516651,0.0558981373906136,0.0579812563955784,0.0603097192943096,0.0628800392150879,0.0651453658938408,0.0673802867531776,0.0698363780975342,0.0726594924926758,0.0758074223995209,0.0794007256627083,0.0831243470311165,0.0872388333082199,0.0912609323859215,0.0936689302325249,0.0940452143549919,0.093505010008812,0.0924140959978104,0.0928492173552513,0.0951308161020279,0.0972480997443199,0.097404919564724,0.0954164117574692,0.0925618335604668,0.0906126946210861,0.0894112065434456,0.0884138494729996,0.088365912437439,0.0886445865035057,0.0884152725338936,0.0876731425523758,0.081790879368782,0.0730256214737892,0.0659967735409737,0.06374491751194,0.0657194554805756
"33",620925.4934,2375314.219,NA,"Porites",-157.832774,21.47630602,44,0.0378717370331287,0.0373551547527313,0.0375882051885128,0.0387139804661274,0.0403598584234715,0.0421310886740685,0.0434685349464417,0.0447283536195755,0.0464297942817211,0.0486445240676403,0.0514390021562576,0.0551854483783245,0.0579370148479939,0.0596778392791748,0.0609022378921509,0.0619197115302086,0.0635256692767143,0.0660912990570068,0.0692847520112991,0.073022186756134,0.0770591497421265,0.0804774537682533,0.0834803655743599,0.0863491520285606,0.0894141867756844,0.0928562209010124,0.0969584062695503,0.101320587098598,0.106514059007168,0.111776791512966,0.114650674164295,0.114280238747597,0.112185850739479,0.109124027192593,0.108428247272968,0.11080551892519,0.113125562667847,0.112590476870537,0.109024532139301,0.104350283741951,0.101238027215004,0.0993341505527496,0.0976674854755402,0.0973178669810295,0.0973737239837646,0.0968231856822968,0.0958142578601837,0.087471105158329,0.0751106739044189,0.06581861525774,0.0634483993053436,0.0665147230029106
"34",620843.5476,2375412.464,106,"Porites",-157.833558,21.47719902,44,0.0245374608784914,0.0247081443667412,0.0251211766153574,0.025858860462904,0.0268935114145279,0.0281403232365847,0.0291770715266466,0.0301128532737494,0.0312067437916994,0.0325520858168602,0.0342494212090969,0.03653160110116,0.0382667891681194,0.0394280403852463,0.0403317250311375,0.0411801710724831,0.0423810966312885,0.0440696179866791,0.0460728146135807,0.0483597815036774,0.0508084744215012,0.0529477782547474,0.0549263022840023,0.056954313069582,0.0591905005276203,0.0616845637559891,0.0645946487784386,0.067696824669838,0.0712116807699203,0.0746590495109558,0.0766687989234924,0.0768450647592545,0.0760920718312263,0.0748561918735504,0.0749742612242699,0.076835073530674,0.0785621032118797,0.0784680172801018,0.0764973163604736,0.0737863108515739,0.0719558298587799,0.0708299055695534,0.0698584914207458,0.0697049498558044,0.0698584765195847,0.0695934444665909,0.0688340738415718,0.0636459738016129,0.0559312328696251,0.0499912351369858,0.0482217743992805,0.049975760281086
"35",620841.5198,2375409.136,NA,"Porites",-157.833578,21.47716909,44,0.0253342464566231,0.0252513717859983,0.0256762895733118,0.0266404859721661,0.0279377494007349,0.0293218083679676,0.0303226914256811,0.0312268622219563,0.0324375368654728,0.0340285152196884,0.036035418510437,0.0387272611260414,0.0407009497284889,0.0419354848563671,0.042810432612896,0.0435648635029793,0.0447657555341721,0.0466415733098984,0.0489437617361546,0.0515495873987675,0.054322712123394,0.0567417405545712,0.0590017735958099,0.0613372549414635,0.0639625191688538,0.0669610500335693,0.0704987645149231,0.0742755457758904,0.0786033198237419,0.0828692317008972,0.0852715820074081,0.085245318710804,0.0839002281427383,0.0818139910697937,0.0813826248049736,0.0831758454442024,0.0848719477653503,0.0843774229288101,0.0816435217857361,0.0780738070607185,0.0756509900093079,0.0741043463349342,0.0727216750383377,0.0723023042082787,0.0722007900476456,0.0716152563691139,0.0705682560801506,0.064094565808773,0.0546251088380814,0.0475428886711597,0.0456306077539921,0.0478154867887497
"36",620842.5576,2375412.452,NA,"Porites",-157.833567,21.47719898,44,0.0253676045686007,0.0254051424562931,0.0260068755596876,0.0270893275737762,0.0284912250936031,0.0300044864416122,0.0312235355377197,0.0323651470243931,0.0337573327124119,0.0354862399399281,0.0376463755965233,0.040515061467886,0.0426098629832268,0.0439002998173237,0.0447979271411896,0.0455594621598721,0.0467443317174911,0.0486033149063587,0.0508327782154083,0.0533551648259163,0.0560988001525402,0.0584919229149818,0.0607813149690628,0.0632159039378166,0.0659951791167259,0.0691524595022202,0.0728362053632736,0.0767096728086472,0.0811015218496323,0.0854359790682793,0.0879095196723938,0.0879491493105888,0.0867293775081635,0.0847898051142693,0.084584578871727,0.0866014957427979,0.0885191932320595,0.0882599130272865,0.085687555372715,0.0822289362549782,0.0798796266317368,0.0783949419856071,0.0770869478583336,0.0767663195729256,0.076759435236454,0.0762594640254974,0.0753505676984787,0.0688979104161263,0.0594015158712864,0.0521405078470707,0.0501153208315372,0.0523468889296055
"37",620848.2565,2375424.202,NA,"Porites",-157.833512,21.47730473,44,0.0242621600627899,0.0242652725428343,0.0247929915785789,0.0257893465459347,0.0270940773189068,0.0285089127719402,0.0296454168856144,0.0307105090469122,0.0320191979408264,0.0336509644985199,0.035692635923624,0.0384075567126274,0.0403955578804016,0.0416291020810604,0.0424940586090088,0.0432319194078445,0.0443739965558052,0.0461574718356133,0.0483021102845669,0.0507370829582214,0.0533822253346443,0.0556853637099266,0.0578701607882977,0.0601699762046337,0.0627773478627205,0.06573236733675,0.0691826939582825,0.0728138014674187,0.0769422948360443,0.0810220614075661,0.0833444073796272,0.083364374935627,0.0821909084916115,0.0803385600447655,0.0801313742995262,0.0820349305868149,0.0838465094566345,0.0835945308208466,0.0811526104807854,0.077873520553112,0.0756495445966721,0.0742480903863907,0.0730140209197998,0.0727163851261139,0.0727175623178482,0.0722539126873016,0.0714012607932091,0.0653003975749016,0.0563152469694614,0.0494542010128498,0.0475508272647858,0.0496716722846031
"38",620847.0648,2375423.48,NA,"Porites",-157.833523,21.47729829,44,0.0272496826946735,0.0273899286985397,0.027865806594491,0.0288191828876734,0.0301346555352211,0.0316215790808201,0.0326731912791729,0.0335654728114605,0.0347356274724007,0.0362845584750175,0.0382602140307426,0.0409725829958916,0.0430032759904861,0.0443051382899284,0.0452718213200569,0.0461769066751003,0.0475893467664719,0.0496363714337349,0.0521085858345032,0.0548942945897579,0.0578229986131191,0.0604046434164047,0.0628331452608109,0.0653970539569855,0.0683053135871887,0.071637898683548,0.0755880549550056,0.0798741653561592,0.0847228989005089,0.0894406512379646,0.092175729572773,0.0923865512013435,0.0912105068564415,0.0893565565347672,0.0892806202173233,0.0915939509868622,0.0937288627028465,0.0933641493320465,0.0905300453305244,0.0867253914475441,0.0841425284743309,0.0825083628296852,0.0810439512133598,0.0806194469332695,0.0806007534265518,0.0800445154309273,0.0788189545273781,0.0718395859003067,0.0615645349025726,0.0538746900856495,0.0516655556857586,0.0539259798824787
"39",620846.3431,2375423.631,NA,"Porites",-157.83353,21.4772997,44,0.0246162377297878,0.025119636207819,0.0254589542746544,0.0257409252226353,0.0262436531484127,0.0271746721118689,0.0283144470304251,0.0293966792523861,0.0303568225353956,0.031313132494688,0.0324962288141251,0.0340180024504662,0.0353031940758228,0.036352202296257,0.0373421385884285,0.038353119045496,0.0394578948616982,0.0407192222774029,0.0420975722372532,0.0437334775924683,0.0455402471125126,0.0470958463847637,0.0484364815056324,0.0496589951217175,0.0508232600986958,0.0519316159188747,0.0531118772923946,0.0542866736650467,0.0555933378636837,0.0568963624536991,0.0577547512948513,0.0581132248044014,0.0584354847669601,0.0587249547243118,0.0595831647515297,0.0610034242272377,0.0622896403074265,0.0628270283341408,0.0624763704836369,0.0617359802126884,0.0612646266818047,0.0610820017755032,0.0610440112650394,0.0614720322191715,0.0621050745248795,0.0624874345958233,0.0624632649123669,0.0603050254285336,0.0568350851535797,0.0537043176591396,0.0524575971066952,0.0532717704772949
